{
    "lastTurn": 1724184802.736122,
    "nextTurn": 1724184822.736122,
    "turns": [
        {
            "id": 1074062206297178242,
            "deployments": [],
            "regions": []
        },
        {
            "id": 1193437860469157978,
            "deployments": [],
            "regions": []
        }
    ]
}