{
    "lastTurn": 1729015716.78535,
    "nextTurn": 1729026516.78535,
    "turns": [
        {
            "id": 1074062206297178242,
            "deployments": [],
            "regions": []
        },
        {
            "id": 1193437860469157978,
            "deployments": [],
            "regions": []
        }
    ]
}