{
    "lastTurn": 1729725021.5013826,
    "nextTurn": 1729735821.5013826,
    "turns": [
        {
            "id": 1193437860469157978,
            "deployments": [],
            "regions": []
        },
        {
            "id": 1074062206297178242,
            "deployments": [
                {
                    "id": 1,
                    "lastTurn": 1729725243.6664305,
                    "nextTurn": 1729735821.5013826
                }
            ],
            "regions": [
                {
                    "id": 96,
                    "lastTurn": 1729725243.667396,
                    "nextTurn": 1729735821.5013826
                }
            ]
        }
    ]
}